X_min,X_max,Y_min,Y_max,W,H
5.30000019,64.2200012,5.94000006,68.9800034,294,315
